id,name,aisle,consistency,amount,unit,nutrient_Zinc_mg,nutrient_Folate_µg,nutrient_Vitamin_D_µg,nutrient_Vitamin_B2_mg,nutrient_Potassium_mg,nutrient_Sodium_mg,nutrient_Vitamin_C_mg,nutrient_Copper_mg,nutrient_Cholesterol_mg,nutrient_Selenium_µg,nutrient_Vitamin_A_IU,nutrient_Magnesium_mg,nutrient_Sugar_g,nutrient_Vitamin_B5_mg,nutrient_Saturated_Fat_g,nutrient_Manganese_mg,nutrient_Calories_kcal,nutrient_Vitamin_B12_µg,nutrient_Mono_Unsaturated_Fat_g,nutrient_Vitamin_E_mg,nutrient_Fiber_g,nutrient_Caffeine_mg,nutrient_Net_Carbohydrates_g,nutrient_Vitamin_B6_mg,nutrient_Vitamin_B3_mg,nutrient_Phosphorus_mg,nutrient_Calcium_mg,nutrient_Iron_mg,nutrient_Fat_g,nutrient_Carbohydrates_g,nutrient_Trans_Fat_g,nutrient_Vitamin_B1_mg,nutrient_Alcohol_g,nutrient_Vitamin_K_µg,nutrient_Fluoride_mg,nutrient_Poly_Unsaturated_Fat_g,nutrient_Protein_g,property_Glycemic_Index,property_Glycemic_Load,property_Inflammation_Score,property_Nutrition_Score,caloricBreakdown_percentProtein,caloricBreakdown_percentFat,caloricBreakdown_percentCarbs,nutrient_Lycopene_µg,nutrient_Folic_Acid_µg,nutrient_Choline_mg,nutrient_Sugar_Alcohol_g
98990,vegeta,Spices and Seasonings,solid,100.0,grams,0.0,0.0,0.0,0.0,0.0,23000.0,0.0,0.0,0.0,0.0,0.0,0.0,0.0,0.0,0.0,0.0,0.0,0.0,0.0,0.0,0.0,0.0,0.0,0.0,0.0,0.0,0.0,0.0,0.0,0.0,0.0,0.0,0.0,0.0,0.0,0.0,0.0,0.0,0.0,0.0,0.0,0.0,0.0,0.0,,,,
15077,smoked salmon,Seafood,solid,100.0,grams,0.31,2.0,17.1,0.1,175.0,784.0,0.0,0.23,23.0,32.4,87.0,18.0,0.0,0.87,0.93,0.02,117.0,3.26,2.02,1.35,0.0,0.0,0.0,0.28,4.72,164.0,11.0,0.85,4.32,0.0,,0.02,0.0,0.1,,1.0,18.28,0.0,0.0,0.0,13.555217477614464,65.29,34.71,0.0,0.0,0.0,89.0,
9252,pear,Produce,solid,100.0,grams,0.1,7.0,0.0,0.03,116.0,1.0,4.3,0.08,0.0,0.1,25.0,7.0,9.75,0.05,0.02,0.05,57.0,0.0,0.08,0.12,3.1,0.0,12.1,0.03,0.16,12.0,9.0,0.18,0.14,15.2,,0.01,0.0,4.4,2.2,0.09,0.36,36.75,4.45,0.0,1.9739130327235097,2.27,1.98,95.75,0.0,0.0,5.1,
93626,xanthan gum,Gluten Free;Health Foods;Baking,solid,100.0,grams,0.0,0.0,0.0,0.0,322.0,2888.0,0.0,0.0,0.0,0.0,0.0,0.0,0.0,0.0,0.0,0.0,333.0,0.0,0.0,0.0,77.0,0.0,0.0,0.0,0.0,266.0,0.0,0.0,0.0,77.0,0.0,0.0,0.0,0.0,0.0,0.0,0.0,0.0,0.0,0.0,5.904347834379776,0.0,0.0,100.0,,,,
93718,black lentils,Pasta and Rice;Canned and Jarred,solid,100.0,grams,0.0,0.0,0.0,0.0,0.0,6.0,4.2,0.0,0.0,0.0,5.0,0.0,0.0,0.0,0.0,0.0,304.0,0.0,0.0,0.0,20.0,0.0,30.0,0.0,0.0,0.0,60.0,7.56,0.8,50.0,0.0,0.0,0.0,0.0,0.0,0.0,24.0,0.0,0.0,0.0,5.790869571916435,31.66,2.37,65.97,,,,
17142,ground veal,Meat,solid,100.0,grams,3.06,13.0,,0.27,315.0,82.0,0.0,0.11,82.0,8.1,,24.0,,1.31,2.79,0.03,144.0,1.34,2.57,0.26,0.0,,0.0,0.41,7.5,203.0,15.0,0.83,6.77,0.0,,0.08,,,,0.48,19.35,0.0,0.0,0.0,8.689130383989085,55.95,44.05,0.0,,0.0,,
98877,hare,Meat,solid,100.0,grams,1.7,10.0,0.0,0.06,318.0,77.0,0.0,0.24,60.0,10.0,0.0,26.0,0.0,0.8,0.97,0.04,478.0,1.0,0.32,0.1,0.0,0.0,0.0,0.3,8.07,210.0,9.1,0.8,3.0,0.0,0.0,0.09,0.0,0.0,0.0,1.46,21.6,0.0,0.0,0.0,7.573043418967205,76.19,23.81,0.0,,,,
10010219,pork,Meat,solid,100.0,grams,2.2,5.0,,0.23,287.0,56.0,0.7,0.05,72.0,24.6,7.0,19.0,,0.67,7.87,0.01,263.0,0.7,9.44,,0.0,,0.0,0.38,4.34,175.0,14.0,0.88,21.19,0.0,,0.73,,,,1.91,16.88,0.0,0.0,0.0,9.276086875278017,26.15,73.85,0.0,,0.0,,
11080,red beet,Produce,solid,100.0,grams,0.35,109.0,0.0,0.04,325.0,78.0,4.9,0.08,0.0,0.7,33.0,23.0,6.76,0.16,0.03,0.33,43.0,0.0,0.03,0.04,2.8,0.0,6.76,0.07,0.33,40.0,16.0,0.8,0.17,9.56,,0.03,0.0,0.2,,0.06,1.61,64.0,4.33,0.0,4.57000001228374,13.94,3.31,82.75,0.0,0.0,6.0,
11278,okra,Produce,solid,100.0,grams,0.58,60.0,0.0,0.06,299.0,7.0,23.0,0.11,0.0,0.7,716.0,57.0,1.48,0.25,0.03,0.79,33.0,0.0,0.02,0.27,3.2,0.0,4.25,0.22,1.0,61.0,82.0,0.62,0.19,7.45,,0.2,0.0,31.3,,0.03,1.93,32.0,1.36,0.0,9.866086928740792,19.68,4.36,75.96,0.0,0.0,12.3,
8160,grits,Cereal;Baking,solid,100.0,grams,0.41,5.0,,0.04,137.0,1.0,0.0,0.08,0.0,17.0,214.0,27.0,0.64,0.49,0.16,0.11,371.0,0.0,0.3,,1.6,0.0,78.0,0.15,1.2,73.0,2.0,1.0,1.2,79.6,,0.13,0.0,0.3,,0.52,8.8,0.0,0.0,0.0,4.401304410203643,9.66,2.96,87.38,0.0,0.0,,
93702,yuzu,Produce,solid,100.0,grams,0.0,0.0,0.0,0.0,0.0,1.5,28.7,0.0,0.0,0.0,75.0,0.0,1.5,0.0,0.0,0.0,30.0,0.0,0.0,0.0,3.0,0.0,7.4,0.0,0.0,0.0,30.0,0.5,0.0,10.4,0.0,0.0,0.0,0.0,0.0,0.0,1.5,0.0,0.0,0.0,2.350869603779005,12.61,0.0,87.39,,,,
5139,whole duck,Meat,solid,100.0,grams,1.36,13.0,0.7,0.21,209.0,63.0,2.8,0.24,76.0,12.4,168.0,15.0,0.0,0.95,13.22,0.02,404.0,0.25,18.69,0.7,0.0,0.0,0.0,0.19,3.93,139.0,11.0,2.4,39.34,0.0,,0.2,0.0,5.5,,5.08,11.49,0.0,0.0,0.0,7.408260832662168,11.49,88.51,0.0,0.0,0.0,31.0,
21118,hot dogs,Meat,solid,100.0,grams,2.02,49.0,,0.28,146.0,684.0,0.1,0.08,45.0,26.5,0.0,13.0,,0.52,5.21,0.09,247.0,0.52,6.99,,,,18.4,0.05,3.72,99.0,24.0,2.36,14.84,18.4,,0.24,,,,1.74,10.6,28.0,5.15,0.0,7.500869569247183,16.99,53.52,29.49,,19.0,,
11445,kelp,Ethnic Foods,solid,100.0,grams,1.23,180.0,0.0,0.15,89.0,233.0,3.0,0.13,0.0,0.7,116.0,121.0,0.6,0.64,0.25,0.2,43.0,0.0,0.1,0.87,1.3,0.0,8.27,0.0,0.47,42.0,168.0,2.85,0.56,9.57,,0.05,0.0,66.0,,0.05,1.68,0.0,0.0,0.0,10.485217347417189,13.43,10.07,76.5,0.0,0.0,12.8,
8120,oats,Cereal,solid,100.0,grams,3.64,32.0,0.0,0.16,362.0,6.0,0.0,0.39,0.0,28.9,0.0,138.0,0.99,1.12,1.11,3.63,379.0,0.0,1.98,0.42,10.1,0.0,57.6,0.1,1.12,410.0,52.0,4.25,6.52,67.7,,0.46,0.0,2.0,,2.3,13.2,40.0,23.04,0.0,18.019565317941748,13.81,15.35,70.84,0.0,0.0,40.4,
6997,beef gravy,Canned and Jarred,solid,100.0,grams,,,,,,458.0,0.0,,8.0,,0.0,,1.69,,0.85,,42.0,,,,0.0,,5.08,,,,0.0,0.0,1.69,5.08,0.0,,,,,,1.69,0.0,0.0,0.0,0.0,15.98,35.97,48.05,,,,
99226,sage,Produce,solid,100.0,grams,0.76,0.0,0.0,0.05,173.0,2.0,0.0,123.0,0.0,0.0,0.0,69.0,0.0,0.0,1.14,4.04,59.0,0.0,0.3,0.0,2.91,0.0,3.99,0.0,0.0,15.0,266.0,4.54,2.05,6.9,0.0,0.12,0.0,0.0,65.0,0.28,1.71,0.0,0.0,0.0,13.180869579315186,12.93,34.88,52.19,,,,
10151,ham,Meat,solid,100.0,grams,2.32,3.0,0.7,0.22,286.0,1187.0,0.0,0.08,62.0,22.7,0.0,19.0,0.0,0.46,5.98,0.01,243.0,0.64,7.88,0.36,0.0,0.0,0.0,0.38,4.46,214.0,7.0,0.87,16.77,0.0,,0.6,0.0,0.0,19.9,1.81,21.57,0.0,0.0,0.0,9.132173906201901,36.37,63.63,0.0,0.0,0.0,84.3,
23236,ribs,Meat,solid,100.0,grams,3.85,3.0,0.2,0.21,218.0,53.0,0.0,0.06,75.0,17.1,19.0,17.0,0.0,,12.64,,324.0,1.55,13.81,,0.0,0.0,0.78,0.37,3.81,120.0,10.0,1.63,28.42,0.78,1.88,0.08,0.0,1.5,,1.17,16.15,0.0,0.0,0.0,7.397391365922016,19.97,79.07,0.96,0.0,0.0,,
10099315,cava,Alcoholic Beverages,liquid,100.0,grams,0.0,0.0,0.0,0.0,0.0,0.0,0.0,0.0,0.0,0.0,0.0,0.0,1.1,0.0,0.0,0.0,75.0,0.0,0.0,0.0,0.0,0.0,2.8,0.0,0.0,0.0,0.0,0.0,0.0,2.8,0.0,0.0,9.08,0.0,0.0,0.0,0.0,0.0,0.0,0.0,0.0,0.0,0.0,100.0,,,,
10316069,lentils,Pasta and Rice;Canned and Jarred,solid,100.0,grams,4.78,479.0,0.0,0.21,955.0,6.0,4.4,0.52,0.0,8.3,39.0,122.0,2.03,2.14,0.16,1.33,353.0,0.0,0.19,0.49,30.5,0.0,29.58,0.54,2.61,451.0,56.0,7.54,1.06,60.08,,0.87,0.0,5.0,,0.52,25.8,24.6,7.28,0.0,27.51000003192736,29.23,2.7,68.07,0.0,0.0,96.4,
1102047,salt and pepper,Spices and Seasonings,solid,100.0,grams,0.1,0.0,0.0,0.0,8.0,38758.0,0.0,0.03,0.0,0.1,0.0,1.0,0.0,0.0,0.0,0.1,0.0,0.0,0.0,0.0,0.0,0.0,0.0,0.0,0.0,0.0,24.0,0.33,0.0,0.0,,0.0,0.0,0.0,2.0,0.0,0.0,0.0,0.0,0.0,0.5226087025974108,0.0,0.0,0.0,0.0,0.0,0.0,
9087,dates,Dried Fruits;Produce,solid,100.0,grams,0.29,19.0,0.0,0.07,656.0,2.0,0.4,0.21,0.0,3.0,10.0,43.0,63.4,0.59,0.03,0.26,282.0,0.0,0.04,0.05,8.0,0.0,67.0,0.17,1.27,62.0,39.0,1.02,0.39,75.0,,0.05,0.0,2.7,,0.02,2.45,52.0,34.84,0.0,6.219565221148988,3.13,1.12,95.75,0.0,0.0,6.3,
93723,naan,Bakery/Bread;Ethnic Foods,solid,100.0,grams,0.0,0.0,0.0,0.0,0.0,683.0,0.0,0.0,8.0,0.0,0.0,0.0,3.2,0.0,1.6,0.0,302.0,0.0,0.0,0.0,1.6,0.0,46.0,0.0,0.0,0.0,63.5,0.0,7.9,47.6,0.0,0.0,0.0,0.0,0.0,0.0,7.9,0.0,0.0,0.0,0.5543478260869565,10.78,24.26,64.96,,,,
19297,jam,"Nut butters, Jams, and Honey",solid,100.0,grams,0.06,11.0,0.0,0.08,77.0,32.0,8.8,0.1,0.0,2.0,0.0,4.0,48.5,0.02,0.01,0.04,278.0,0.0,0.04,0.12,1.1,0.0,67.8,0.02,0.04,19.0,20.0,0.49,0.07,68.9,,0.02,0.0,0.0,19.0,0.0,0.37,55.0,37.29,0.0,1.983478260429009,0.53,0.23,99.24,0.0,0.0,10.2,
1065062,meat,,solid,100.0,grams,0.58,4.0,0.1,0.1,370.0,116.0,1.2,0.03,64.0,32.0,30.0,26.0,0.0,1.42,0.57,0.01,114.0,0.2,0.76,0.19,0.0,0.0,0.0,0.75,10.43,210.0,5.0,0.37,2.59,0.0,0.01,0.06,0.0,0.2,,0.4,21.23,0.0,0.0,0.0,9.340000043744626,78.46,21.54,0.0,0.0,0.0,73.4,
20142,teff,Gluten Free;Health Foods;Baking,solid,100.0,grams,3.63,,,0.27,427.0,12.0,,0.81,,4.4,9.0,184.0,1.84,0.94,0.45,9.24,367.0,,0.59,0.08,8.0,,65.13,0.48,3.36,429.0,180.0,7.63,2.38,73.13,,0.39,,1.9,,1.07,13.3,0.0,0.0,0.0,19.965652235176254,14.49,5.83,79.68,0.0,,13.1,
10714037,ouzo,Alcoholic Beverages,solid,100.0,grams,0.04,0.0,0.0,0.0,2.0,1.0,0.0,0.02,0.0,0.0,0.0,0.0,0.0,0.0,0.0,0.02,231.0,0.0,0.0,0.0,0.0,0.0,0.0,0.0,0.01,4.0,0.0,0.04,0.0,0.0,,0.01,33.4,0.0,9.0,0.0,0.0,15.0,0.0,0.0,0.15913043235955032,0.0,0.0,0.0,0.0,0.0,0.0,
14400,cola,Beverages,solid,100.0,grams,0.02,0.0,0.0,0.0,2.0,4.0,0.0,0.0,0.0,0.1,0.0,0.0,8.97,0.0,0.0,0.0,37.0,0.0,0.0,0.0,0.0,8.0,9.56,0.0,0.0,10.0,2.0,0.11,0.02,9.56,,0.0,0.0,0.0,57.0,0.0,0.07,63.0,6.02,0.0,0.09956521800030833,0.72,0.47,98.81,0.0,0.0,0.3,
11520420,ziti,Pasta and Rice,solid,100.0,grams,1.41,18.0,0.0,0.06,223.0,6.0,0.0,0.29,0.0,63.2,0.0,53.0,2.67,0.43,0.28,0.92,371.0,0.0,0.17,0.11,3.2,,71.47,0.14,1.7,189.0,21.0,1.3,1.51,74.67,0.0,0.09,0.0,0.1,,0.56,13.04,42.0,30.02,0.0,11.104347741150338,14.31,3.73,81.96,,0.0,,
10114057,port wine,Alcoholic Beverages,liquid,100.0,grams,0.07,0.0,0.0,0.02,92.0,9.0,0.0,0.05,0.0,0.5,0.0,9.0,7.78,0.03,0.0,0.12,160.0,0.0,0.0,0.0,0.0,0.0,13.7,0.0,0.21,9.0,8.0,0.24,0.0,13.7,,0.02,15.3,0.0,,0.0,0.2,0.0,0.0,0.0,0.909999993832215,1.44,0.0,98.56,0.0,0.0,5.0,
14355,tea,Tea and Coffee,solid,100.0,grams,0.02,5.0,0.0,0.01,37.0,3.0,0.0,0.01,0.0,0.0,0.0,3.0,0.0,0.01,0.0,0.22,1.0,0.0,0.0,0.0,0.0,20.0,0.3,0.0,0.0,1.0,0.0,0.02,0.0,0.3,,0.0,0.0,0.0,372.9,0.0,0.0,0.0,0.0,0.0,0.6860869452357292,0.0,0.0,100.0,0.0,0.0,0.4,
16112,miso,Ethnic Foods,solid,100.0,grams,2.56,19.0,0.0,0.23,210.0,3730.0,0.0,0.42,0.0,7.0,87.0,48.0,6.2,0.34,1.02,0.86,198.0,0.08,1.12,0.01,5.4,0.0,20.0,0.2,0.91,159.0,57.0,2.49,6.01,25.4,,0.1,0.0,29.3,,2.88,12.8,61.0,12.2,0.0,10.431739131069701,24.75,26.14,49.11,0.0,0.0,72.2,
20077,bran,Cereal;Health Foods;Baking,solid,100.0,grams,7.27,79.0,0.0,0.58,1180.0,2.0,0.0,1.0,0.0,77.6,9.0,611.0,0.41,2.18,0.63,11.5,216.0,0.0,0.64,1.49,42.8,0.0,21.7,1.3,13.6,1010.0,73.0,10.6,4.25,64.5,,0.52,0.0,1.9,,2.21,15.6,42.0,9.11,0.0,41.45913037787313,17.4,10.66,71.94,0.0,0.0,74.4,
23572,beef,Frozen;Meat,solid,100.0,grams,4.18,7.0,0.1,0.15,270.0,67.0,0.0,0.06,71.0,15.0,0.0,17.0,0.0,0.5,7.67,0.01,254.0,2.14,8.76,0.41,0.0,0.0,0.0,0.32,4.23,158.0,18.0,1.94,20.0,0.0,1.23,0.04,0.0,1.8,22.4,0.52,17.17,0.0,0.0,0.0,8.243912963763528,27.62,72.38,0.0,0.0,0.0,56.4,
1019,feta cheese,Cheese,solid,100.0,grams,2.88,32.0,0.4,0.84,62.0,1140.0,0.0,0.03,89.0,15.0,422.0,19.0,0.0,0.97,13.3,0.03,265.0,1.69,4.62,0.18,0.0,0.0,3.88,0.42,0.99,337.0,493.0,0.65,21.5,3.88,,0.15,0.0,1.8,,0.59,14.2,27.0,1.05,0.0,12.29086971282959,21.37,72.79,5.84,0.0,0.0,15.4,
10115261,fish,Seafood,solid,100.0,grams,0.33,24.0,3.1,0.06,302.0,52.0,0.0,0.08,50.0,41.8,0.0,27.0,0.0,0.49,0.58,0.04,96.0,1.58,0.5,0.4,0.0,0.0,0.0,0.16,3.9,170.0,10.0,0.56,1.7,0.0,,0.04,0.0,1.4,,0.36,20.08,0.0,0.0,0.0,8.692608698554661,84.0,16.0,0.0,0.0,0.0,42.5,
99128,finger millet,Health Foods,solid,100.0,grams,2.3,18.3,0.0,0.2,408.0,11.0,0.0,0.5,0.0,0.0,0.0,137.0,0.0,0.0,0.32,5.5,328.0,0.0,0.7,0.0,0.0,0.0,72.0,0.0,1.1,283.0,344.0,3.9,1.3,72.0,0.0,0.4,0.0,0.0,0.0,0.35,7.3,0.0,0.0,0.0,13.874347873356031,8.88,3.56,87.56,,,,
2064,mint,Produce,solid,100.0,grams,1.11,114.0,0.0,0.27,569.0,31.0,31.8,0.33,0.0,,4248.0,80.0,,0.34,0.25,1.18,70.0,0.0,0.03,,8.0,,6.89,0.13,1.71,73.0,243.0,5.08,0.94,14.89,,0.08,,,,0.51,3.75,0.0,0.0,0.0,17.487825932710066,18.07,10.19,71.74,,0.0,,
9147,jujubes,Ethnic Foods,solid,100.0,grams,0.19,,,0.36,531.0,9.0,13.0,0.26,0.0,,,37.0,,,,0.31,287.0,0.0,,,,,73.6,,0.5,100.0,79.0,1.8,1.1,73.6,,0.21,,,,,3.7,20.0,14.72,0.0,5.892608725506326,4.64,3.1,92.26,,,,
1019016,juice,Beverages,liquid,100.0,grams,0.02,0.0,0.0,0.02,101.0,4.0,0.9,0.01,0.0,0.1,1.0,5.0,9.62,0.05,0.02,0.07,46.0,0.0,0.01,0.01,0.2,0.0,11.1,0.02,0.07,7.0,8.0,0.12,0.13,11.3,,0.02,0.0,0.0,,0.04,0.1,40.75,4.52,0.0,0.7395652265328428,0.86,2.5,96.64,0.0,0.0,1.8,
10414003,ale,Alcoholic Beverages,liquid,100.0,grams,0.01,6.0,0.0,0.03,27.0,4.0,0.0,0.0,0.0,0.6,0.0,6.0,0.0,0.04,0.0,0.01,43.0,0.02,0.0,0.0,0.0,0.0,3.55,0.05,0.51,14.0,4.0,0.02,0.0,3.55,,0.0,3.9,0.0,44.2,0.0,0.46,40.5,1.44,0.0,0.6378260834709458,11.47,0.0,88.53,0.0,0.0,10.1,
11663,agar,Ethnic Foods;Health Foods,solid,100.0,grams,5.8,580.0,0.0,0.22,1125.0,102.0,0.0,0.61,0.0,7.4,0.0,770.0,2.97,3.02,0.06,4.3,306.0,0.0,0.03,5.0,7.7,0.0,73.18,0.3,0.2,52.0,625.0,21.4,0.3,80.88,,0.01,0.0,24.4,,0.1,6.21,0.0,0.0,0.0,31.60956514140834,7.08,0.77,92.15,0.0,0.0,63.3,
11233,kale,Produce,solid,100.0,grams,0.39,62.0,0.0,0.35,348.0,53.0,93.4,0.05,0.0,0.9,9990.0,33.0,0.8,0.09,0.18,0.66,35.0,0.0,0.1,0.66,4.1,0.0,0.32,0.15,1.18,55.0,254.0,1.6,1.49,4.42,,0.11,0.0,390.0,,0.67,2.92,32.0,0.1,0.0,20.690000002798826,27.31,31.35,41.34,0.0,0.0,0.5,
2025,nutmeg,Spices and Seasonings,solid,100.0,grams,2.15,76.0,0.0,0.06,350.0,16.0,3.0,1.03,0.0,1.6,102.0,183.0,28.49,,25.94,2.9,525.0,0.0,3.22,0.0,20.8,0.0,28.49,0.16,1.3,213.0,184.0,3.04,36.31,49.29,,0.35,0.0,0.0,,0.35,5.84,70.0,19.94,0.0,18.656956226929374,4.27,59.71,36.02,0.0,0.0,8.8,
99168,amla,Produce,solid,100.0,grams,0.0,0.0,0.0,0.0,225.0,5.0,600.0,0.0,0.0,0.0,0.0,0.0,0.0,0.0,0.0,0.0,58.0,0.0,0.0,0.0,0.0,0.0,13.7,0.0,0.2,20.0,50.0,1.2,0.1,13.7,0.0,0.0,0.0,0.0,0.0,0.0,0.5,0.0,0.0,0.0,5.2652173871579375,3.47,1.56,94.97,,,,
9296,quince,Produce,solid,100.0,grams,0.04,3.0,,0.03,197.0,4.0,15.0,0.13,0.0,0.6,40.0,8.0,,0.08,0.01,,57.0,0.0,0.04,,1.9,,13.4,0.04,0.2,17.0,11.0,0.7,0.1,15.3,,0.02,0.0,,,0.05,0.4,35.0,4.69,0.0,2.4426087205824643,2.51,1.41,96.08,,0.0,,
9150,lemon,Produce,solid,100.0,grams,0.06,11.0,0.0,0.02,138.0,2.0,53.0,0.04,0.0,0.4,22.0,8.0,2.5,0.19,0.04,0.03,29.0,0.0,0.01,0.15,2.8,0.0,6.52,0.08,0.1,16.0,26.0,0.6,0.3,9.32,,0.04,0.0,0.0,,0.09,1.1,25.5,1.66,0.0,4.6813042435957035,9.91,6.08,84.01,0.0,0.0,5.1,
1022,gouda,Cheese,solid,100.0,grams,3.9,21.0,0.5,0.33,121.0,819.0,0.0,0.04,114.0,14.5,563.0,29.0,2.22,0.34,17.6,0.01,356.0,1.54,7.75,0.24,0.0,0.0,2.22,0.08,0.06,546.0,700.0,0.24,27.4,2.22,,0.03,0.0,2.3,,0.66,24.9,27.0,0.6,0.0,11.493912940439971,28.05,69.45,2.5,0.0,0.0,15.4,
1188,cheese dip,Canned and Jarred,solid,100.0,grams,1.64,,,0.24,240.0,1638.0,0.4,,75.0,,649.0,,6.7,,13.1,,276.0,,,,0.3,,8.9,,,806.0,359.0,0.19,21.0,9.2,,,,,,,12.0,0.0,0.0,0.0,7.1360869498356525,17.53,69.03,13.44,,,,
93676,quark,"Milk, Eggs, Other Dairy",solid,100.0,grams,0.0,0.0,0.0,0.0,0.0,100.0,0.0,0.0,0.0,0.0,0.0,0.0,4.0,0.0,0.1,0.0,68.0,0.0,0.0,0.0,0.0,0.0,4.0,0.0,0.0,0.0,0.0,0.0,0.3,4.0,0.0,0.0,0.0,0.0,0.0,0.0,11.8,0.0,0.0,0.0,0.0,71.62,4.1,24.28,,,,
1018,edam cheese,Cheese,solid,100.0,grams,3.75,16.0,0.5,0.39,188.0,965.0,0.0,0.04,89.0,14.5,825.0,30.0,1.43,0.28,17.57,0.01,357.0,1.54,8.13,0.24,0.0,0.0,1.43,0.08,0.08,536.0,731.0,0.44,27.8,1.43,,0.04,0.0,2.3,,0.67,24.99,27.0,0.39,0.0,11.98826065659523,28.09,70.3,1.61,0.0,0.0,15.4,
10519335,superfine sugar,Baking,solid,100.0,grams,0.01,0.0,0.0,0.02,2.0,1.0,0.0,0.01,0.0,0.6,0.0,0.0,99.8,0.0,0.0,0.0,385.0,0.0,0.0,0.0,0.0,0.0,99.6,0.0,0.0,0.0,1.0,0.05,0.32,99.6,,0.0,0.0,0.0,0.0,0.0,0.0,70.09,69.81,0.0,0.13217391381445137,0.0,0.72,99.28,0.0,0.0,0.0,
1032035,asafoetida,Spices and Seasonings,solid,100.0,grams,2.37,24.0,0.0,0.14,663.0,52.0,23.4,0.48,0.0,9.3,261.0,136.0,7.76,,6.53,15.84,342.0,0.0,1.1,1.93,14.8,0.0,54.48,0.4,2.24,118.0,682.0,19.71,12.6,69.28,,0.13,0.0,28.4,,0.78,5.76,0.0,0.0,0.0,24.91043474363244,5.57,27.42,67.01,7.0,0.0,20.8,
14084,wine,Alcoholic Beverages,liquid,100.0,grams,0.13,1.0,0.0,0.02,99.0,5.0,0.0,0.01,0.0,0.2,0.0,11.0,0.79,0.04,0.0,0.12,83.0,0.0,0.0,0.0,0.0,0.0,2.72,0.05,0.17,20.0,8.0,0.37,0.0,2.72,,0.0,10.4,0.0,153.3,0.0,0.07,15.0,0.41,0.0,1.0426086848196776,2.51,0.0,97.49,0.0,0.0,5.0,
9263,japanese persimmon,Produce,solid,100.0,grams,0.11,8.0,0.0,0.02,161.0,1.0,7.5,0.11,0.0,0.6,1627.0,9.0,12.5,,0.02,0.35,70.0,0.0,0.04,0.73,3.6,0.0,15.0,0.1,0.1,17.0,8.0,0.15,0.19,18.6,,0.03,0.0,2.6,,0.04,0.58,0.0,0.0,0.0,4.749130461526954,2.96,2.18,94.86,159.0,0.0,7.6,
11603,jicama,Produce,solid,100.0,grams,0.16,12.0,0.0,0.03,150.0,4.0,20.2,0.05,0.0,0.7,21.0,12.0,1.8,0.14,0.02,0.06,38.0,0.0,0.0,0.46,4.9,0.0,3.92,0.04,0.2,18.0,12.0,0.6,0.09,8.82,,0.02,0.0,0.3,,0.04,0.72,15.0,0.59,0.0,3.453913038191588,7.39,2.08,90.53,0.0,0.0,13.6,
14051,vodka,Alcoholic Beverages,liquid,100.0,grams,0.0,0.0,,0.01,1.0,1.0,0.0,0.01,0.0,0.0,0.0,0.0,0.0,0.0,0.0,0.0,231.0,0.0,0.0,,0.0,,0.0,0.0,0.0,5.0,0.0,0.01,0.0,0.0,,0.0,33.4,,,0.0,0.0,15.0,0.0,0.0,0.07956521771848202,0.0,0.0,0.0,,0.0,,
2045,dill,Produce;Spices and Seasonings,solid,100.0,grams,0.91,150.0,0.0,0.3,738.0,61.0,85.0,0.15,0.0,,7718.0,55.0,,0.4,0.06,1.26,43.0,0.0,0.8,,2.1,,4.92,0.19,1.57,66.0,208.0,6.59,1.12,7.02,,0.06,,,,0.09,3.46,15.0,0.74,0.0,20.159565231074456,26.62,19.38,54.0,,0.0,,
99148,niger seed,Savory Snacks,solid,100.0,grams,0.0,0.0,0.0,1.0,0.0,0.0,0.0,0.0,0.0,0.0,0.0,0.0,0.0,0.0,0.0,0.0,515.0,0.0,0.0,0.0,0.0,0.0,17.1,0.0,8.4,224.0,300.0,56.7,39.0,17.1,0.0,0.1,0.0,0.0,0.0,0.0,23.9,0.0,0.0,0.0,11.29956519085428,18.56,68.16,13.28,,,,
10511643,red kuri squash,Produce,solid,100.0,grams,0.21,24.0,0.0,0.06,350.0,4.0,12.3,0.07,0.0,0.4,1367.0,14.0,2.2,0.19,0.03,0.16,34.0,0.0,0.01,0.12,1.5,0.0,7.09,0.16,0.5,23.0,28.0,0.58,0.13,8.59,,0.03,0.0,1.1,,0.06,0.95,0.0,0.0,0.0,4.7573912921159165,9.66,2.97,87.37,0.0,0.0,10.0,
10015121,tuna,Seafood,solid,100.0,grams,0.66,4.0,1.2,0.08,176.0,219.0,0.0,0.05,36.0,67.8,57.0,23.0,0.0,0.15,0.22,0.02,90.0,2.57,0.11,0.33,0.0,0.0,0.08,0.32,9.92,137.0,18.0,1.67,0.94,0.08,0.0,0.03,0.0,0.2,18.6,0.26,19.0,0.0,0.0,0.0,11.714347870453544,89.64,9.98,0.38,0.0,0.0,29.3,
10012220,flaxseed,Health Foods;Baking,solid,100.0,grams,4.34,87.0,0.0,0.16,813.0,30.0,0.6,1.22,0.0,25.4,0.0,392.0,1.55,0.99,3.66,2.48,534.0,0.0,7.53,0.31,27.3,0.0,1.6,0.47,3.08,642.0,255.0,5.73,42.2,28.9,,1.64,0.0,4.3,,28.7,18.3,32.0,0.51,0.0,32.86956510336503,12.87,66.8,20.33,0.0,0.0,78.7,
10020081,unbleached flour,Baking,solid,100.0,grams,0.85,33.0,0.0,0.06,100.0,2.0,0.0,0.18,0.0,39.7,2.0,25.0,0.31,0.44,0.24,0.79,361.0,0.0,0.14,0.4,2.4,0.0,70.13,0.04,1.0,97.0,15.0,0.9,1.66,72.53,,0.08,0.0,0.3,,0.73,11.98,67.0,46.99,0.0,7.709999921853128,13.58,4.23,82.19,0.0,0.0,10.4,
93680,jamon,Meat,solid,100.0,grams,0.0,0.0,0.0,0.0,0.0,1964.0,0.0,0.0,53.6,0.0,0.0,0.0,0.0,0.0,1.8,0.0,214.0,0.0,0.0,0.0,0.0,0.0,0.0,0.0,0.0,0.0,0.0,1.2,10.7,0.0,0.0,0.0,0.0,0.0,0.0,0.0,32.0,0.0,0.0,0.0,0.29000000331712805,57.07,42.93,0.0,,,,
11246,leek,Produce,solid,100.0,grams,0.12,64.0,0.0,0.03,180.0,20.0,12.0,0.12,0.0,1.0,1667.0,28.0,3.9,0.14,0.04,0.48,61.0,0.0,0.0,0.92,1.8,0.0,12.4,0.23,0.4,35.0,59.0,2.1,0.3,14.2,,0.06,0.0,47.0,,0.17,1.5,32.0,3.97,0.0,9.05565206123435,9.16,4.12,86.72,0.0,0.0,9.5,
17166,elk,Meat,solid,100.0,grams,2.4,,,,312.0,58.0,0.0,0.12,55.0,9.8,0.0,23.0,,,0.53,0.01,111.0,,0.36,,0.0,,0.0,,,161.0,4.0,2.76,1.45,0.0,,,,,,0.3,22.95,0.0,0.0,0.0,3.612608703582183,87.55,12.45,0.0,,,,
1125,egg yolk,"Milk, Eggs, Other Dairy",solid,100.0,grams,2.3,146.0,5.4,0.53,109.0,48.0,0.0,0.08,1080.0,56.0,1442.0,5.0,0.56,2.99,9.55,0.05,322.0,1.95,11.7,2.58,0.0,0.0,3.59,0.35,0.02,390.0,129.0,2.73,26.5,3.59,,0.18,0.0,0.7,,4.2,15.9,0.0,0.0,0.0,18.059999955413133,20.1,75.36,4.54,0.0,0.0,820.0,
1052050,vanilla,Baking,solid,100.0,grams,0.11,0.0,0.0,0.09,148.0,9.0,0.0,0.07,0.0,0.0,0.0,12.0,12.65,0.04,0.01,0.23,288.0,0.0,0.01,0.0,0.0,0.0,12.65,0.03,0.43,6.0,11.0,0.12,0.06,12.65,,0.01,34.4,0.0,,0.0,0.06,0.0,0.0,0.0,1.5447826191135074,0.47,1.05,98.48,0.0,0.0,,
14475,iced tea,Beverages,solid,100.0,grams,0.01,,,,10.0,4.0,0.0,0.0,0.0,,0.0,1.0,9.63,,0.0,0.16,39.0,,,,0.0,5.0,9.77,,,1.0,3.0,0.0,0.0,9.77,0.0,,,,123.0,,0.0,0.0,0.0,0.0,0.4026086958854095,0.0,0.0,100.0,,,,
20444,rice,Pasta and Rice,solid,100.0,grams,1.09,8.0,0.0,0.05,115.0,5.0,0.0,0.22,0.0,15.1,0.0,25.0,0.12,1.01,0.18,1.09,365.0,0.0,0.21,0.11,1.3,0.0,78.65,0.16,1.6,115.0,28.0,0.8,0.66,79.95,,0.07,0.0,0.1,,0.18,7.13,61.19,48.12,0.0,7.149565275920474,8.05,1.68,90.27,0.0,0.0,5.8,
15136,crab,Seafood,solid,100.0,grams,1.49,11.0,,0.01,51.0,209.0,1.75,0.23,10.5,9.1,6.0,12.25,,0.09,0.02,0.01,21.0,2.25,0.02,,0.0,,0.0,0.04,0.28,54.75,11.5,0.15,0.15,0.0,,0.01,,,,0.03,4.57,0.0,0.0,0.0,4.122608702791774,93.13,6.87,0.0,,0.0,,
11134,cassava,Produce,solid,100.0,grams,0.34,27.0,0.0,0.05,271.0,14.0,20.6,0.1,0.0,0.7,13.0,21.0,1.7,0.11,0.07,0.38,160.0,0.0,0.08,0.19,1.8,0.0,36.26,0.09,0.85,27.0,16.0,0.27,0.28,38.06,,0.09,0.0,1.9,,0.05,1.36,61.25,22.21,0.0,4.646956516348797,3.4,1.57,95.03,0.0,0.0,23.7,
10118369,alum,Spices and Seasonings,solid,100.0,grams,0.01,0.0,0.0,0.0,20.0,10600.0,0.0,0.01,0.0,0.2,0.0,27.0,0.0,0.0,0.0,0.01,53.0,0.0,0.0,0.0,0.2,0.0,27.5,0.0,0.0,2191.0,5876.0,11.02,0.0,27.7,,0.0,0.0,0.0,,0.0,0.0,92.0,25.3,0.0,11.7717391838846,0.0,0.0,100.0,0.0,0.0,0.0,
15025,eel,Seafood,solid,100.0,grams,1.62,15.0,23.3,0.04,272.0,51.0,1.8,0.02,126.0,6.5,3477.0,20.0,0.0,0.24,2.36,0.04,184.0,3.0,7.19,4.0,0.0,0.0,0.0,0.07,3.5,216.0,20.0,0.5,11.66,0.0,,0.15,0.0,0.0,,0.95,18.44,0.0,0.0,0.0,15.212173975032309,41.28,58.72,0.0,0.0,0.0,65.0,
98891,bean curd sheets,Ethnic Foods,solid,100.0,grams,0.0,0.0,0.0,0.0,0.0,0.0,17.4,0.0,0.0,0.0,0.0,0.0,9.0,0.0,0.0,0.0,338.0,0.0,0.0,0.0,6.0,0.0,59.0,0.0,0.0,0.0,180.0,5.22,0.0,65.0,0.0,0.0,0.0,0.0,0.0,0.0,21.0,0.0,0.0,0.0,4.003913050112517,24.42,0.0,75.58,,,,
20081,wheat flour,Baking,solid,100.0,grams,0.7,183.0,0.0,0.49,107.0,2.0,0.0,0.14,0.0,33.9,0.0,22.0,0.27,0.44,0.16,0.68,364.0,0.0,0.09,0.06,2.7,0.0,73.61,0.04,5.9,108.0,15.0,4.64,0.98,76.31,,0.79,0.0,0.3,,0.41,10.33,75.0,55.21,0.0,13.729130503923997,11.63,2.48,85.89,0.0,154.0,10.4,
1077,milk,"Milk, Eggs, Other Dairy",liquid,100.0,grams,0.41,0.0,1.1,0.14,150.0,38.0,0.0,0.0,12.0,1.9,162.0,12.0,4.81,0.37,1.86,0.0,60.0,0.54,0.69,0.05,0.0,0.0,4.67,0.06,0.1,101.0,123.0,0.0,3.2,4.67,,0.06,0.0,0.3,,0.11,3.28,38.0,1.77,0.0,3.248695669128843,21.65,47.52,30.83,0.0,0.0,17.8,
10019230,icing,Baking,solid,100.0,grams,0.07,8.0,0.0,0.3,34.0,184.0,0.0,0.0,0.0,0.1,0.0,1.0,63.1,0.05,2.97,0.0,418.0,0.0,4.86,1.53,0.0,0.0,67.9,0.0,0.22,18.0,3.0,0.16,16.2,67.9,0.0,0.01,0.0,13.0,,7.95,0.0,43.0,29.2,0.0,2.151304355782011,0.0,34.93,65.07,0.0,0.0,2.3,
98956,hake,Seafood,solid,100.0,grams,0.0,0.0,0.0,0.0,365.0,74.0,0.0,0.0,0.0,25.3,0.0,0.0,0.0,0.0,0.0,0.0,70.5,0.0,0.0,0.0,0.0,0.0,0.0,0.0,0.0,142.0,41.0,1.0,0.0,0.0,0.0,0.0,0.0,0.0,0.0,0.0,17.0,0.0,0.0,0.0,3.0621738848478897,100.0,0.0,0.0,,,,
4582,cooking oil,"Oil, Vinegar, Salad Dressing",liquid,100.0,grams,0.0,0.0,0.0,0.0,0.0,0.0,0.0,0.0,0.0,0.0,0.0,0.0,0.0,0.0,7.36,0.0,884.0,0.0,63.3,17.5,0.0,0.0,0.0,0.0,0.0,0.0,0.0,0.0,100.0,0.0,0.4,0.0,0.0,71.3,,28.1,0.0,0.0,0.0,0.0,7.3000000663425615,0.0,100.0,0.0,0.0,0.0,0.2,
11990,wasabi,Ethnic Foods;Spices and Seasonings,solid,100.0,grams,1.62,18.0,0.0,0.11,568.0,17.0,41.9,0.16,0.0,,35.0,69.0,,0.2,,0.39,109.0,0.0,,,7.8,,15.74,0.27,0.74,80.0,128.0,1.03,0.63,23.54,,0.13,,,,,4.8,0.0,0.0,0.0,9.572608696377795,16.13,4.76,79.11,,0.0,,
1145,unsalted butter,"Milk, Eggs, Other Dairy",solid,100.0,grams,0.09,3.0,1.5,0.03,24.0,11.0,0.0,0.02,215.0,1.0,2499.0,2.0,0.06,0.11,51.37,0.0,717.0,0.17,21.02,2.32,0.0,0.0,0.06,0.0,0.04,24.0,24.0,0.02,81.11,0.06,3.28,0.0,0.0,7.0,2.8,3.04,0.85,0.0,0.0,0.0,4.287826087811719,0.46,99.5,0.04,0.0,0.0,18.8,
10920420,orzo,Pasta and Rice,solid,100.0,grams,1.41,18.0,0.0,0.06,223.0,6.0,0.0,0.29,0.0,63.2,0.0,53.0,2.67,0.43,0.28,0.92,371.0,0.0,0.17,0.11,3.2,,71.47,0.14,1.7,189.0,21.0,1.3,1.51,74.67,0.0,0.09,0.0,0.1,,0.56,13.04,42.0,30.02,0.0,11.104347741150338,14.31,3.73,81.96,,0.0,,
2047,table salt,Spices and Seasonings,solid,100.0,grams,0.1,0.0,0.0,0.0,8.0,38758.0,0.0,0.03,0.0,0.1,0.0,1.0,0.0,0.0,0.0,0.1,0.0,0.0,0.0,0.0,0.0,0.0,0.0,0.0,0.0,0.0,24.0,0.33,0.0,0.0,,0.0,0.0,0.0,2.0,0.0,0.0,0.0,0.0,0.0,0.5226087025974108,0.0,0.0,0.0,0.0,0.0,0.0,
11601,yam,Produce,solid,100.0,grams,0.24,23.0,0.0,0.03,816.0,9.0,17.1,0.18,0.0,0.7,138.0,21.0,0.5,0.31,0.04,0.4,118.0,0.0,0.01,0.35,4.1,0.0,23.78,0.29,0.55,55.0,17.0,0.54,0.17,27.88,,0.11,0.0,2.3,,0.08,1.53,51.78,12.31,0.0,6.529130355171535,5.14,1.28,93.58,0.0,0.0,16.5,
9037,avocado,Produce,solid,100.0,grams,0.64,81.0,0.0,0.13,485.0,7.0,10.0,0.19,0.0,0.4,146.0,29.0,0.66,1.39,2.13,0.14,160.0,0.0,9.8,2.07,6.7,0.0,1.83,0.26,1.74,52.0,12.0,0.55,14.7,8.53,,0.07,0.0,21.0,7.0,1.82,2.0,40.0,0.73,0.0,8.498260832351187,4.59,75.85,19.56,0.0,0.0,14.2,
1057,eggnog,"Milk, Eggs, Other Dairy",solid,100.0,grams,0.46,1.0,1.2,0.19,165.0,54.0,1.5,0.01,59.0,4.2,206.0,19.0,8.05,0.42,2.59,0.0,88.0,0.45,1.3,0.21,0.0,0.0,8.05,0.05,0.1,109.0,130.0,0.2,4.19,8.05,,0.03,0.0,0.3,0.2,0.2,4.55,55.0,4.43,0.0,3.846086949110031,20.66,42.8,36.54,0.0,0.0,52.2,
20035,quinoa,Pasta and Rice;Health Foods,solid,100.0,grams,3.1,184.0,0.0,0.32,563.0,5.0,,0.59,0.0,8.5,14.0,197.0,,0.77,0.71,2.03,368.0,0.0,1.61,2.44,7.0,,57.16,0.49,1.52,457.0,47.0,4.57,6.07,64.16,,0.36,,0.0,,3.29,14.12,0.0,0.0,0.0,20.71173913712087,15.36,14.86,69.78,0.0,0.0,70.2,
9148,kiwi,Produce,solid,100.0,grams,0.14,26.0,0.0,0.03,198.0,5.0,74.7,0.13,0.0,0.2,87.0,16.0,8.99,0.18,0.03,0.1,58.0,0.0,0.05,1.3,3.0,0.0,11.0,0.06,0.37,34.0,35.0,0.24,0.44,14.0,,0.03,0.0,40.3,,0.29,1.06,52.67,5.79,0.0,8.632608873688657,6.6,6.17,87.23,0.0,0.0,7.8,
10111477,zucchini noodles,,solid,100.0,grams,0.32,24.0,0.0,0.09,261.0,8.0,17.9,0.05,0.0,0.2,200.0,18.0,2.5,0.2,0.08,0.18,17.0,0.0,0.01,0.12,1.0,0.0,2.11,0.16,0.45,38.0,16.0,0.37,0.32,3.11,0.0,0.05,0.0,4.3,,0.09,1.21,15.0,0.32,0.0,4.126956565224606,24.01,14.29,61.7,0.0,0.0,9.5,
1123,egg,"Milk, Eggs, Other Dairy",solid,100.0,grams,1.29,47.0,2.0,0.46,138.0,142.0,0.0,0.07,372.0,30.7,540.0,12.0,0.37,1.53,3.13,0.03,143.0,0.89,3.66,1.05,0.0,0.0,0.72,0.17,0.08,198.0,56.0,1.75,9.51,0.72,0.04,0.04,0.0,0.3,1.1,1.91,12.6,0.0,0.0,0.0,9.18608693584152,36.29,61.63,2.08,0.0,0.0,294.0,
19095,vanilla ice cream,Frozen,solid,100.0,grams,0.69,5.0,0.2,0.24,199.0,80.0,0.6,0.02,44.0,1.8,421.0,14.0,21.2,0.58,6.79,0.01,207.0,0.39,2.97,0.3,0.7,0.0,22.9,0.05,0.12,105.0,128.0,0.09,11.0,23.6,,0.04,0.0,0.3,15.4,0.45,3.5,61.0,13.97,0.0,3.9421739163606064,6.75,47.73,45.52,0.0,0.0,26.0,
43479,shaoxing wine,Ethnic Foods,solid,100.0,grams,0.02,0.0,0.0,0.0,25.0,2.0,0.0,0.01,0.0,1.4,0.0,6.0,0.0,,0.0,,134.0,0.0,0.0,0.0,0.0,0.0,5.0,0.0,0.0,6.0,5.0,0.1,0.0,5.0,,0.0,16.1,0.0,,0.0,0.5,0.0,0.0,0.0,0.2804347820903944,9.09,0.0,90.91,0.0,0.0,0.0,
11114037,rum,Alcoholic Beverages,liquid,100.0,grams,0.04,0.0,0.0,0.0,2.0,1.0,0.0,0.02,0.0,0.0,0.0,0.0,0.0,0.0,0.0,0.02,231.0,0.0,0.0,0.0,0.0,0.0,0.0,0.0,0.01,4.0,0.0,0.04,0.0,0.0,,0.01,33.4,0.0,9.0,0.0,0.0,15.0,0.0,0.0,0.15913043235955032,0.0,0.0,0.0,0.0,0.0,0.0,
10514037,gin,Alcoholic Beverages,liquid,100.0,grams,0.04,0.0,0.0,0.0,2.0,1.0,0.0,0.02,0.0,0.0,0.0,0.0,0.0,0.0,0.0,0.02,231.0,0.0,0.0,0.0,0.0,0.0,0.0,0.0,0.01,4.0,0.0,0.04,0.0,0.0,,0.01,33.4,0.0,9.0,0.0,0.0,15.0,0.0,0.0,0.15913043235955032,0.0,0.0,0.0,0.0,0.0,0.0,
93632,clarified butter,Ethnic Foods,solid,100.0,grams,0.0,0.0,0.0,0.0,0.0,2.0,0.0,0.0,256.0,0.0,0.0,0.0,0.0,0.0,61.9,0.0,876.0,0.0,28.7,0.0,0.0,0.0,0.0,0.0,0.0,0.0,0.0,0.0,99.48,0.0,0.0,0.0,0.0,0.0,0.0,3.7,0.28,0.0,0.0,0.0,0.0,0.12,99.88,0.0,,,,
93757,verjus,Canned and Jarred,solid,100.0,grams,0.0,0.0,0.0,0.0,0.0,7.0,0.0,0.0,0.0,0.0,0.0,0.0,10.0,0.0,0.0,0.0,53.0,0.0,0.0,0.0,0.0,0.0,13.3,0.0,0.0,0.0,0.0,0.0,3.3,13.3,0.0,0.0,0.0,0.0,0.0,0.0,3.3,0.0,0.0,0.0,0.0,13.74,30.91,55.35,,,,
10614003,ipa,Alcoholic Beverages,liquid,100.0,grams,0.01,6.0,0.0,0.03,27.0,4.0,0.0,0.0,0.0,0.6,0.0,6.0,0.0,0.04,0.0,0.01,43.0,0.02,0.0,0.0,0.0,0.0,3.55,0.05,0.51,14.0,4.0,0.02,0.0,3.55,,0.0,3.9,0.0,44.2,0.0,0.46,40.5,1.44,0.0,0.6378260834709458,11.47,0.0,88.53,0.0,0.0,10.1,
11446,nori,Ethnic Foods,solid,100.0,grams,1.05,146.0,0.0,0.45,356.0,48.0,39.0,0.26,0.0,0.7,5202.0,2.0,0.49,0.52,0.06,0.99,35.0,0.0,0.03,1.0,0.3,0.0,4.81,0.16,1.47,58.0,70.0,1.8,0.28,5.11,,0.1,0.0,4.0,,0.11,5.81,0.0,0.0,0.0,15.339130515637605,50.3,5.45,44.25,0.0,0.0,10.4,
9159,lime,Produce,solid,100.0,grams,0.11,8.0,0.0,0.02,102.0,2.0,29.1,0.06,0.0,0.4,50.0,6.0,1.69,0.22,0.02,0.01,30.0,0.0,0.02,0.22,2.8,0.0,7.7,0.04,0.2,18.0,33.0,0.6,0.2,10.5,,0.03,0.0,0.6,,0.05,0.7,32.0,2.46,0.0,3.3826087104237597,6.01,3.86,90.13,0.0,0.0,5.1,
4679,vegetable oil cooking spray,"Oil, Vinegar, Salad Dressing",liquid,100.0,grams,,,,,,59.0,0.0,,0.0,,0.0,,0.0,,11.6,,792.0,,55.79,,0.0,,20.69,,,,0.0,0.0,78.69,20.69,0.0,,,,,9.82,0.26,0.0,0.0,0.0,0.0,0.13,89.42,10.45,,,,
14003,beer,Alcoholic Beverages,liquid,100.0,grams,0.01,6.0,0.0,0.03,27.0,4.0,0.0,0.0,0.0,0.6,0.0,6.0,0.0,0.04,0.0,0.01,43.0,0.02,0.0,0.0,0.0,0.0,3.55,0.05,0.51,14.0,4.0,0.02,0.0,3.55,,0.0,3.9,0.0,44.2,0.0,0.46,40.5,1.44,0.0,0.6378260834709458,11.47,0.0,88.53,0.0,0.0,10.1,
16213,tofu,Refrigerated;Produce;Ethnic Foods,solid,100.0,grams,,,,,,4.0,,,0.0,,,,0.3,,0.5,,84.0,,1.2,,0.8,,1.5,,,,125.0,1.2,4.4,2.3,0.0,,,,,2.7,8.9,15.0,0.22,0.0,0.972608701042507,42.18,46.92,10.9,,,,
1002042,zaatar,Ethnic Foods;Spices and Seasonings,solid,100.0,grams,6.18,274.0,0.0,0.4,814.0,55.0,50.0,0.86,0.0,4.6,3800.0,220.0,1.71,,2.73,7.87,276.0,0.0,0.47,7.48,37.0,0.0,26.94,0.55,4.94,201.0,1890.0,123.6,7.43,63.94,,0.51,0.0,1714.5,,1.19,9.11,0.0,0.0,0.0,45.825217475061834,10.15,18.62,71.23,0.0,0.0,43.6,
14412,water,Beverages,liquid,100.0,grams,0.01,,,,0.0,5.0,,0.02,,,,1.0,,,,0.0,0.0,,,,0.0,,0.0,,,0.0,3.0,0.0,0.0,0.0,,,,,25.8,,0.0,0.0,0.0,0.0,0.06173913148434266,0.0,0.0,0.0,,,,
11304,petite peas,Produce,solid,100.0,grams,1.24,65.0,0.0,0.13,244.0,5.0,40.0,0.18,0.0,1.8,765.0,33.0,5.67,0.1,0.07,0.41,81.0,0.0,0.04,0.13,5.7,0.0,8.7,0.17,2.09,108.0,25.0,1.47,0.4,14.4,,0.27,0.0,24.8,,0.19,5.42,44.33,3.86,0.0,10.851304339325946,26.16,4.34,69.5,0.0,0.0,28.4,
11168,corn,Produce,solid,100.0,grams,0.62,23.0,0.0,0.06,218.0,1.0,5.5,0.05,0.0,0.2,263.0,26.0,4.54,0.79,0.2,0.17,96.0,0.0,0.37,0.09,2.4,0.0,18.58,0.14,1.68,77.0,3.0,0.45,1.5,20.98,,0.09,0.0,0.4,,0.6,3.41,55.5,10.31,0.0,4.327826109917267,12.28,12.16,75.56,0.0,0.0,29.1,
5100,chicken wings,Meat,solid,100.0,grams,0.72,2.16,0.05,0.05,84.24,39.42,0.38,0.02,41.58,8.37,79.38,9.72,0.0,0.41,2.42,0.01,119.88,0.17,3.43,0.16,0.0,0.0,0.0,0.19,3.2,71.28,6.48,0.51,8.62,0.0,0.1,0.03,0.0,0.0,,1.83,9.9,0.0,0.0,0.0,3.2543478284193124,33.78,66.22,0.0,0.0,0.0,30.29,
9089,figs,Dried Fruits;Produce,solid,100.0,grams,0.15,6.0,0.0,0.05,232.0,1.0,2.0,0.07,0.0,0.2,142.0,17.0,16.3,0.3,0.06,0.13,74.0,0.0,0.07,0.11,2.9,0.0,16.3,0.11,0.4,14.0,35.0,0.37,0.3,19.2,,0.06,0.0,4.7,,0.14,0.75,61.0,9.94,0.0,3.0517391601334447,3.64,3.27,93.09,0.0,0.0,4.7,
1006,brie,Cheese,solid,100.0,grams,2.38,65.0,0.5,0.52,152.0,629.0,0.0,0.02,100.0,14.5,592.0,20.0,0.45,0.69,17.4,0.03,334.0,1.65,8.01,0.24,0.0,0.0,0.45,0.23,0.38,188.0,184.0,0.5,27.7,0.45,,0.07,0.0,2.3,,0.83,20.8,27.0,0.12,0.0,9.003043410570726,24.89,74.57,0.54,0.0,0.0,15.4,
98966,udon noodles,Ethnic Foods,solid,100.0,grams,0.0,0.0,0.0,0.0,0.0,1200.0,0.0,0.0,0.0,0.0,0.0,0.0,9.1,0.0,0.0,0.0,345.0,0.0,0.0,0.0,5.5,0.0,61.8,0.0,0.0,0.0,0.0,0.0,2.7,67.3,0.0,0.0,0.0,0.0,0.0,0.0,15.0,57.33,35.43,0.0,0.9565217391304348,16.97,6.87,76.16,,,,
5157,quail,Meat,solid,100.0,grams,2.42,8.0,,0.26,216.0,53.0,6.1,0.51,76.0,16.6,243.0,23.0,,0.77,3.38,0.02,192.0,0.43,4.18,,0.0,,0.0,0.6,7.54,275.0,13.0,3.97,12.05,0.0,,0.24,0.0,,,2.98,19.63,0.0,0.0,0.0,11.187391174876172,42.0,58.0,0.0,,0.0,,
10115028,sole,Seafood,solid,100.0,grams,0.32,5.0,2.8,0.02,160.0,81.0,0.0,0.02,45.0,26.6,33.0,18.0,0.0,0.19,0.44,0.01,70.0,1.13,0.54,0.63,0.0,0.0,0.0,0.1,1.04,252.0,21.0,0.18,1.93,0.0,0.01,0.02,0.0,0.1,,0.37,12.4,0.0,0.0,0.0,5.976521768323753,74.06,25.94,0.0,0.0,0.0,65.0,
10017224,lamb,Meat,solid,100.0,grams,3.41,18.0,0.1,0.21,222.0,59.0,0.0,0.1,73.0,18.8,0.0,21.0,0.0,0.65,10.19,0.02,282.0,2.31,9.6,0.2,0.0,0.0,0.0,0.13,5.96,157.0,16.0,1.55,23.41,0.0,,0.11,0.0,3.6,,1.85,16.56,0.0,0.0,0.0,8.869565201842267,23.92,76.08,0.0,0.0,0.0,69.3,
11390,hash browns,Frozen,solid,100.0,grams,0.21,4.0,0.0,0.01,285.0,22.0,8.2,0.1,,0.3,0.0,11.0,,0.32,0.16,0.15,82.0,0.0,0.01,,1.4,,16.32,0.09,1.66,47.0,10.0,0.98,0.62,17.72,,0.1,,,43.7,0.27,2.06,31.0,5.06,0.0,3.2973912643349688,9.73,6.59,83.68,,0.0,,
15015,cod fillets,Seafood,solid,100.0,grams,0.45,7.0,0.9,0.06,413.0,54.0,1.0,0.03,43.0,33.1,40.0,32.0,0.0,0.15,0.13,0.01,82.0,0.91,0.09,0.64,0.0,0.0,0.0,0.25,2.06,203.0,16.0,0.38,0.67,0.0,,0.08,0.0,0.1,,0.23,17.81,0.0,0.0,0.0,6.89304348340501,92.2,7.8,0.0,0.0,0.0,65.2,
4025,mayonnaise,Condiments,liquid,100.0,grams,0.15,5.0,0.2,0.02,20.0,635.0,0.0,0.02,42.0,2.3,65.0,1.0,0.57,0.17,11.7,0.01,680.0,0.12,16.8,3.28,0.0,0.0,0.57,0.01,0.0,21.0,8.0,0.21,74.8,0.57,0.19,0.01,0.0,163.0,,44.7,0.96,50.0,0.28,0.0,6.180000030476114,0.57,99.1,0.33,0.0,0.0,34.2,
99005,xylitol,Health Foods;Baking,solid,100.0,grams,0.0,0.0,0.0,0.0,0.0,0.0,0.0,0.0,0.0,0.0,0.0,0.0,0.0,0.0,0.0,0.0,250.0,0.0,0.0,0.0,0.0,0.0,0.0,0.0,0.0,0.0,0.0,0.0,0.0,100.0,0.0,0.0,0.0,0.0,0.0,0.0,0.0,7.5,0.0,0.0,0.0,0.0,0.0,100.0,,,,100.0
12135,nuts,Nuts,solid,100.0,grams,3.8,50.0,0.0,0.2,597.0,12.0,0.4,1.28,0.0,,15.0,225.0,,1.21,6.9,1.94,594.0,0.0,31.4,,9.0,,16.35,0.3,4.7,435.0,70.0,3.7,51.45,25.35,,0.2,0.0,,,10.77,17.3,29.67,4.85,0.0,19.792173853387002,10.92,73.08,16.0,,0.0,,
10018364,wrap,Bakery/Bread,solid,100.0,grams,0.53,94.0,0.0,0.28,125.0,736.0,0.0,0.1,0.0,22.3,0.0,22.0,3.71,0.16,2.92,0.49,306.0,0.0,1.75,0.0,3.5,0.0,45.9,0.06,4.42,206.0,146.0,3.63,7.99,49.4,,0.5,0.0,7.2,,2.29,8.2,34.0,15.61,0.0,10.908695713333461,10.85,23.79,65.36,0.0,79.0,7.9,
10014412,ice,Frozen,solid,100.0,grams,0.01,,,,0.0,5.0,,0.02,,,,1.0,,,,0.0,0.0,,,,0.0,,0.0,,,0.0,3.0,0.0,0.0,0.0,,,,,25.8,,0.0,0.0,0.0,0.0,0.06173913148434266,0.0,0.0,0.0,,,,
11518,taro root,Produce,solid,100.0,grams,0.25,20.0,0.0,0.03,635.0,12.0,4.1,0.19,0.0,0.8,76.0,35.0,0.43,0.3,0.04,0.38,120.0,0.0,0.02,2.56,4.4,0.0,24.0,0.27,0.61,90.0,46.0,0.59,0.22,28.4,,0.09,0.0,1.1,,0.09,1.61,56.4,13.54,0.0,6.506521670714669,5.28,1.62,93.1,0.0,0.0,18.6,
1012034,dry seasoning rub,Spices and Seasonings,solid,100.0,grams,3.14,138.0,0.0,0.19,684.0,27.0,12.0,0.84,0.0,7.2,2632.0,224.0,3.08,,3.29,6.86,307.0,0.0,1.21,1.32,11.3,0.0,54.29,1.32,2.97,171.0,996.0,35.3,7.53,65.59,,0.26,0.0,805.4,,1.94,9.59,0.0,0.0,0.0,36.13000011444092,10.41,18.39,71.2,2.0,0.0,30.3,
